{
	"credit": "Made with Blockbench",
	"texture_size": [64, 64],
	"textures": {
		"0": "bp_extrafeatures:item/melee/hammers/iron_hammer",
		"particle": "bp_extrafeatures:item/melee/hammers/iron_hammer"
	},
	"elements": [
		{
			"from": [5.5, 10, -3.5],
			"to": [10.5, 11, 17.5],
			"faces": {
				"north": {"uv": [9.5, 8.75, 10.75, 9], "texture": "#0"},
				"east": {"uv": [9.5, 8.25, 14.75, 8.5], "texture": "#0"},
				"south": {"uv": [9.5, 9, 10.75, 9.25], "texture": "#0"},
				"west": {"uv": [9.5, 8.5, 14.75, 8.75], "texture": "#0"},
				"up": {"uv": [10.25, 8.25, 9, 3], "texture": "#0"},
				"down": {"uv": [7.25, 9, 6, 14.25], "texture": "#0"}
			}
		},
		{
			"from": [5.5, 23, 4.5],
			"to": [10.5, 24, 9.5],
			"faces": {
				"north": {"uv": [9.5, 8.75, 10.75, 9], "texture": "#0"},
				"east": {"uv": [9.5, 8.25, 10.75, 8.5], "texture": "#0"},
				"south": {"uv": [9.5, 9, 10.75, 9.25], "texture": "#0"},
				"west": {"uv": [9.5, 8.5, 10.75, 8.75], "texture": "#0"},
				"up": {"uv": [10.25, 4.25, 9, 3], "texture": "#0"},
				"down": {"uv": [7.25, 9, 6, 10.25], "texture": "#0"}
			}
		},
		{
			"from": [6.5, -13, 5.5],
			"to": [9.5, -12, 8.5],
			"faces": {
				"north": {"uv": [9.5, 8.75, 10.25, 9], "texture": "#0"},
				"east": {"uv": [9.5, 8.25, 10.25, 8.5], "texture": "#0"},
				"south": {"uv": [9.5, 9, 10.25, 9.25], "texture": "#0"},
				"west": {"uv": [9.5, 8.5, 10.25, 8.75], "texture": "#0"},
				"up": {"uv": [9.75, 3.75, 9, 3], "texture": "#0"},
				"down": {"uv": [6.75, 9, 6, 9.75], "texture": "#0"}
			}
		},
		{
			"from": [6.5, -5, 5.5],
			"to": [9.5, -4, 8.5],
			"faces": {
				"north": {"uv": [9.5, 8.75, 10.25, 9], "texture": "#0"},
				"east": {"uv": [9.5, 8.25, 10.25, 8.5], "texture": "#0"},
				"south": {"uv": [9.5, 9, 10.25, 9.25], "texture": "#0"},
				"west": {"uv": [9.5, 8.5, 10.25, 8.75], "texture": "#0"},
				"up": {"uv": [9.75, 3.75, 9, 3], "texture": "#0"},
				"down": {"uv": [6.75, 9, 6, 9.75], "texture": "#0"}
			}
		},
		{
			"from": [7, -14, 6],
			"to": [9, -8, 8],
			"faces": {
				"north": {"uv": [7, 3, 7.5, 4.5], "texture": "#0"},
				"east": {"uv": [7, 4.5, 7.5, 6], "texture": "#0"},
				"south": {"uv": [7.5, 3, 8, 4.5], "texture": "#0"},
				"west": {"uv": [7.5, 4.5, 8, 6], "texture": "#0"},
				"up": {"uv": [8.5, 4.5, 8, 4], "texture": "#0"},
				"down": {"uv": [8.5, 4.5, 8, 5], "texture": "#0"}
			}
		},
		{
			"from": [7, -8, 6],
			"to": [9, 17, 8],
			"faces": {
				"north": {"uv": [7.25, 9, 7.75, 15.25], "texture": "#0"},
				"east": {"uv": [7.75, 9, 8.25, 15.25], "texture": "#0"},
				"south": {"uv": [8.25, 9, 8.75, 15.25], "texture": "#0"},
				"west": {"uv": [9, 8.25, 9.5, 14.5], "texture": "#0"},
				"up": {"uv": [8.5, 3.5, 8, 3], "texture": "#0"},
				"down": {"uv": [8.5, 3.5, 8, 4], "texture": "#0"}
			}
		},
		{
			"from": [2, 11, -7],
			"to": [14, 23, 21],
			"faces": {
				"north": {"uv": [6, 6, 9, 9], "texture": "#0"},
				"east": {"uv": [0, 0, 7, 3], "texture": "#0"},
				"south": {"uv": [7, 0, 10, 3], "texture": "#0"},
				"west": {"uv": [0, 3, 7, 6], "texture": "#0"},
				"up": {"uv": [3, 13, 0, 6], "texture": "#0"},
				"down": {"uv": [6, 6, 3, 13], "texture": "#0"}
			}
		}
	],
	"display": {
		"thirdperson_righthand": {
			"translation": [0, 11, 2],
			"scale": [0.8, 0.8, 0.8]
		},
		"thirdperson_lefthand": {
			"translation": [0, 11, 2],
			"scale": [0.8, 0.8, 0.8]
		},
		"firstperson_righthand": {
			"rotation": [-32.75, 0, 0],
			"translation": [0, 3.5, 2],
			"scale": [0.5, 0.5, 0.5]
		},
		"firstperson_lefthand": {
			"rotation": [-32.75, 0, 0],
			"translation": [0, 3.5, 2],
			"scale": [0.5, 0.5, 0.5]
		},
		"ground": {
			"rotation": [23.97, -3.39, -15.89],
			"translation": [0, 8.5, 0],
			"scale": [0.5, 0.5, 0.5]
		},
		"gui": {
			"rotation": [53.99, 54.82, -48.38],
			"translation": [0.5, 2.5, 0],
			"scale": [0.8, 0.8, 0.8]
		},
		"head": {
			"translation": [0, 8.25, 0]
		},
		"fixed": {
			"rotation": [-180, 90, -180]
		}
	}
}