{
	"credit": "Made with Blockbench",
	"texture_size": [64, 64],
	"textures": {
		"0": "bp_extrafeatures:item/guns/shotguns/basic_shotgun",
		"particle": "bp_extrafeatures:item/guns/shotguns/basic_shotgun"
	},
	"elements": [
		{
			"from": [7, 9, -11],
			"to": [9, 11, 9],
			"rotation": {"angle": 0, "axis": "x", "origin": [8, 10, 16]},
			"faces": {
				"north": {"uv": [5, 4.5, 5.5, 5], "texture": "#0"},
				"east": {"uv": [3.5, 0, 8.5, 0.5], "texture": "#0"},
				"south": {"uv": [5.25, 5, 5.75, 5.5], "texture": "#0"},
				"west": {"uv": [3.5, 0.5, 8.5, 1], "texture": "#0"},
				"up": {"uv": [0.5, 8.75, 0, 3.75], "texture": "#0"},
				"down": {"uv": [1, 3.75, 0.5, 8.75], "texture": "#0"}
			}
		},
		{
			"from": [7.2, 7.2, -7],
			"to": [8.8, 8.8, 9],
			"rotation": {"angle": 0, "axis": "x", "origin": [8, 10, 16]},
			"faces": {
				"north": {"uv": [0.25, 2.75, 0.75, 3.25], "texture": "#0"},
				"east": {"uv": [3.5, 0, 8.5, 0.5], "texture": "#0"},
				"south": {"uv": [5.25, 5, 5.75, 5.5], "texture": "#0"},
				"west": {"uv": [3.5, 0.5, 8.5, 1], "texture": "#0"},
				"up": {"uv": [0.5, 8.75, 0, 3.75], "texture": "#0"},
				"down": {"uv": [1, 3.75, 0.5, 8.75], "texture": "#0"}
			}
		},
		{
			"from": [7, 9, -11],
			"to": [9, 11, 9],
			"rotation": {"angle": 0, "axis": "x", "origin": [8, 10, 16]},
			"faces": {
				"north": {"uv": [5, 4.5, 5.5, 5], "texture": "#0"},
				"east": {"uv": [3.5, 0, 8.5, 0.5], "texture": "#0"},
				"south": {"uv": [5.25, 5, 5.75, 5.5], "texture": "#0"},
				"west": {"uv": [3.5, 0.5, 8.5, 1], "texture": "#0"},
				"up": {"uv": [0.5, 8.75, 0, 3.75], "texture": "#0"},
				"down": {"uv": [1, 3.75, 0.5, 8.75], "texture": "#0"}
			}
		},
		{
			"from": [6.75, 6.5, -4],
			"to": [9.25, 9, 4],
			"rotation": {"angle": 0, "axis": "x", "origin": [8, 10, 16]},
			"faces": {
				"north": {"uv": [5, 3.75, 5.75, 4.5], "texture": "#0"},
				"east": {"uv": [3.5, 1, 5.5, 1.75], "texture": "#0"},
				"south": {"uv": [4.5, 5, 5.25, 5.75], "texture": "#0"},
				"west": {"uv": [3.5, 1.75, 5.5, 2.5], "texture": "#0"},
				"up": {"uv": [2.75, 5.75, 2, 3.75], "texture": "#0"},
				"down": {"uv": [3.5, 3.75, 2.75, 5.75], "texture": "#0"}
			}
		},
		{
			"from": [6.9, 6.4, 16.5],
			"to": [9.1, 11.4, 30.5],
			"rotation": {"angle": 22.5, "axis": "x", "origin": [8, 10, 16]},
			"faces": {
				"north": {"uv": [4, 4.5, 4.5, 5.75], "texture": "#0"},
				"east": {"uv": [0, 0, 3.5, 1.25], "texture": "#0"},
				"south": {"uv": [5, 2.5, 5.5, 3.75], "texture": "#0"},
				"west": {"uv": [0, 1.25, 3.5, 2.5], "texture": "#0"},
				"up": {"uv": [1.5, 7.25, 1, 3.75], "texture": "#0"},
				"down": {"uv": [2, 3.75, 1.5, 7.25], "texture": "#0"}
			}
		},
		{
			"from": [7, 6, 9],
			"to": [9, 11, 17],
			"faces": {
				"north": {"uv": [4.5, 2.5, 5, 3.75], "texture": "#0"},
				"east": {"uv": [0, 2.5, 2, 3.75], "texture": "#0"},
				"south": {"uv": [4.5, 3.75, 5, 5], "texture": "#0"},
				"west": {"uv": [2, 2.5, 4, 3.75], "texture": "#0"},
				"up": {"uv": [4, 5.75, 3.5, 3.75], "texture": "#0"},
				"down": {"uv": [4.5, 2.5, 4, 4.5], "texture": "#0"}
			}
		},
		{
			"from": [7.5, 2, 15],
			"to": [8.5, 3, 20],
			"rotation": {"angle": -22.5, "axis": "x", "origin": [0, -4, 9]},
			"faces": {
				"north": {"uv": [4.5, 2.5, 5, 3.75], "texture": "#0"},
				"east": {"uv": [0, 2.5, 0.75, 2.75], "texture": "#0"},
				"south": {"uv": [4.5, 3.75, 5, 5], "texture": "#0"},
				"west": {"uv": [2, 2.5, 3.25, 2.75], "texture": "#0"},
				"up": {"uv": [4, 5.75, 3.5, 3.75], "texture": "#0"},
				"down": {"uv": [4.5, 2.5, 4, 4.5], "texture": "#0"}
			}
		},
		{
			"from": [7.4, -0.7, 16.75],
			"to": [8.6, 3, 17.75],
			"rotation": {"angle": -45, "axis": "x", "origin": [0, -4, 9]},
			"faces": {
				"north": {"uv": [4, 5.75, 3.5, 3.75], "rotation": 180, "texture": "#0"},
				"east": {"uv": [0, 2.5, 0.75, 2.75], "rotation": 90, "texture": "#0"},
				"south": {"uv": [4.5, 2.5, 4, 4.5], "texture": "#0"},
				"west": {"uv": [2, 2.5, 4, 3.75], "rotation": 270, "texture": "#0"},
				"up": {"uv": [4.5, 3.75, 5, 5], "texture": "#0"},
				"down": {"uv": [4.5, 2.5, 5, 3.75], "rotation": 180, "texture": "#0"}
			}
		}
	],
	"display": {
		"thirdperson_righthand": {
			"rotation": [69, 0, 0],
			"translation": [0, 2.5, 1],
			"scale": [0.7, 0.7, 0.7]
		},
		"thirdperson_lefthand": {
			"rotation": [69, 0, 0],
			"translation": [0, 2.5, 1],
			"scale": [0.7, 0.7, 0.7]
		},
		"ground": {
			"translation": [0, 2.25, 0]
		},
		"gui": {
			"rotation": [-37, -125, -37],
			"translation": [0.5, 1.25, 0]
		},
		"head": {
			"translation": [0, 9.25, -5]
		},
		"fixed": {
			"rotation": [0, 90, 0]
		}
	}
}