{
	"credit": "Made with Blockbench",
	"texture_size": [32, 32],
	"textures": {
		"0": "bp_extrafeatures:item/guns/handguns/basic_handgun",
		"particle": "bp_extrafeatures:item/guns/handguns/basic_handgun"
	},
	"elements": [
		{
			"from": [7, 0, 12],
			"to": [9.05, 10, 16],
			"rotation": {"angle": -22.5, "axis": "x", "origin": [8, 0, 14]},
			"faces": {
				"north": {"uv": [6, 4, 7, 9], "texture": "#0"},
				"east": {"uv": [0, 4, 2, 9], "texture": "#0"},
				"south": {"uv": [7, 4, 8, 9], "texture": "#0"},
				"west": {"uv": [2, 4, 4, 9], "texture": "#0"},
				"up": {"uv": [9, 2, 8, 0], "texture": "#0"},
				"down": {"uv": [9, 2, 8, 4], "texture": "#0"}
			}
		},
		{
			"from": [6.9, 7, -1],
			"to": [9.15, 11, 15],
			"rotation": {"angle": 0, "axis": "x", "origin": [8, 0, 14]},
			"faces": {
				"north": {"uv": [8, 4, 9, 6], "texture": "#0"},
				"east": {"uv": [0, 0, 8, 2], "texture": "#0"},
				"south": {"uv": [8, 6, 9, 8], "texture": "#0"},
				"west": {"uv": [0, 2, 8, 4], "texture": "#0"},
				"up": {"uv": [5, 12, 4, 4], "texture": "#0"},
				"down": {"uv": [6, 4, 5, 12], "texture": "#0"}
			}
		},
		{
			"from": [7.75, 11, -1],
			"to": [8.25, 11.5, -0.25],
			"faces": {
				"north": {"uv": [1.5, 9, 2, 9.5], "texture": "#0"},
				"east": {"uv": [2, 9, 2.5, 9.5], "texture": "#0"},
				"south": {"uv": [2.5, 9, 3, 9.5], "texture": "#0"},
				"west": {"uv": [9, 2.5, 9.5, 3], "texture": "#0"},
				"up": {"uv": [3.5, 9.5, 3, 9], "texture": "#0"},
				"down": {"uv": [9.5, 3, 9, 3.5], "texture": "#0"}
			}
		},
		{
			"from": [7.5, 9, -1.5],
			"to": [8.5, 10, -1],
			"rotation": {"angle": 0, "axis": "x", "origin": [8, 11, 0]},
			"faces": {
				"north": {"uv": [3.5, 9.5, 3, 9], "rotation": 180, "texture": "#0"},
				"east": {"uv": [2, 9, 2.5, 9.5], "rotation": 90, "texture": "#0"},
				"south": {"uv": [9.5, 3, 9, 3.5], "texture": "#0"},
				"west": {"uv": [9, 2.5, 9.5, 3], "rotation": 270, "texture": "#0"},
				"up": {"uv": [2.5, 9, 3, 9.5], "texture": "#0"},
				"down": {"uv": [1.5, 9, 2, 9.5], "rotation": 180, "texture": "#0"}
			}
		},
		{
			"from": [7.75, 11, 13],
			"to": [8.25, 11.5, 13.75],
			"faces": {
				"north": {"uv": [1.5, 9, 2, 9.5], "texture": "#0"},
				"east": {"uv": [2, 9, 2.5, 9.5], "texture": "#0"},
				"south": {"uv": [2.5, 9, 3, 9.5], "texture": "#0"},
				"west": {"uv": [9, 2.5, 9.5, 3], "texture": "#0"},
				"up": {"uv": [3.5, 9.5, 3, 9], "texture": "#0"},
				"down": {"uv": [9.5, 3, 9, 3.5], "texture": "#0"}
			}
		},
		{
			"from": [7.6, 4, 6],
			"to": [8.4, 5, 11],
			"faces": {
				"north": {"uv": [0.5, 9, 1, 9.5], "texture": "#0"},
				"east": {"uv": [8, 8, 10.5, 8.5], "texture": "#0"},
				"south": {"uv": [1, 9, 1.5, 9.5], "texture": "#0"},
				"west": {"uv": [8, 8.5, 10.5, 9], "texture": "#0"},
				"up": {"uv": [0.5, 11.5, 0, 9], "texture": "#0"},
				"down": {"uv": [9.5, 0, 9, 2.5], "texture": "#0"}
			}
		},
		{
			"from": [7.5, 5, 7.5],
			"to": [8.5, 6.5, 8.5],
			"rotation": {"angle": 45, "axis": "x", "origin": [8, 5, 9]},
			"faces": {
				"north": {"uv": [0.5, 11.5, 0, 9], "rotation": 180, "texture": "#0"},
				"east": {"uv": [8, 8, 10.5, 8.5], "rotation": 90, "texture": "#0"},
				"south": {"uv": [9.5, 0, 9, 2.5], "texture": "#0"},
				"west": {"uv": [8, 8.5, 10.5, 9], "rotation": 270, "texture": "#0"},
				"up": {"uv": [1, 9, 1.5, 9.5], "texture": "#0"},
				"down": {"uv": [0.5, 9, 1, 9.5], "rotation": 180, "texture": "#0"}
			}
		},
		{
			"from": [7.575, 1.4, 7.07],
			"to": [8.425, 6.4, 8.27],
			"rotation": {"angle": -22.5, "axis": "x", "origin": [0, 0, 0]},
			"faces": {
				"north": {"uv": [0.5, 11.5, 0, 9], "rotation": 180, "texture": "#0"},
				"east": {"uv": [8, 8, 10.5, 8.5], "rotation": 90, "texture": "#0"},
				"south": {"uv": [9.5, 0, 9, 2.5], "texture": "#0"},
				"west": {"uv": [8, 8.5, 10.5, 9], "rotation": 270, "texture": "#0"},
				"up": {"uv": [1, 9, 1.5, 9.5], "texture": "#0"},
				"down": {"uv": [0.5, 9, 1, 9.5], "rotation": 180, "texture": "#0"}
			}
		}
	],
	"display": {
		"thirdperson_righthand": {
			"rotation": [69, 0, 0],
			"translation": [0, 3.25, 2.5],
			"scale": [0.5, 0.5, 0.5]
		},
		"thirdperson_lefthand": {
			"rotation": [69, 0, 0],
			"translation": [0, 3.25, 2.5],
			"scale": [0.5, 0.5, 0.5]
		},
		"firstperson_righthand": {
			"translation": [0, 4, 1],
			"scale": [0.5, 0.5, 0.5]
		},
		"firstperson_lefthand": {
			"translation": [0, 4, 1],
			"scale": [0.5, 0.5, 0.5]
		},
		"ground": {
			"translation": [0, 1.5, 0],
			"scale": [0.5, 0.5, 0.5]
		},
		"gui": {
			"rotation": [0, -90, 0],
			"translation": [-0.75, 2.25, 0]
		},
		"head": {
			"translation": [0, 12.5, -2.75]
		},
		"fixed": {
			"rotation": [0, 90, 0]
		}
	}
}