{
	"credit": "Made with Blockbench",
	"textures": {
		"0": "bp_extrafeatures:item/mobs/mesa/mesa_warrior_spears",
		"particle": "bp_extrafeatures:item/mobs/mesa/mesa_warrior_spears"
	},
	"elements": [
		{
			"from": [7.5, 20, 7],
			"to": [8.5, 22, 9],
			"rotation": {"angle": 0, "axis": "y", "origin": [8, 17, 8]},
			"faces": {
				"north": {"uv": [4, 6, 5, 8], "texture": "#0"},
				"east": {"uv": [4, 2, 8, 4], "texture": "#0"},
				"south": {"uv": [5, 6, 6, 8], "texture": "#0"},
				"west": {"uv": [4, 0, 8, 2], "texture": "#0"},
				"up": {"uv": [8, 5, 4, 4], "rotation": 270, "texture": "#0"},
				"down": {"uv": [8, 5, 4, 6], "rotation": 90, "texture": "#0"}
			}
		},
		{
			"from": [7.5, 0, 7.5],
			"to": [8.5, 16, 8.5],
			"faces": {
				"north": {"uv": [0, 0, 1, 16], "texture": "#0"},
				"east": {"uv": [1, 0, 2, 16], "texture": "#0"},
				"south": {"uv": [2, 0, 3, 16], "texture": "#0"},
				"west": {"uv": [3, 0, 4, 16], "texture": "#0"},
				"up": {"uv": [7, 7, 6, 6], "texture": "#0"},
				"down": {"uv": [7, 7, 6, 8], "texture": "#0"}
			}
		},
		{
			"from": [6, 16, 7.5],
			"to": [10, 18, 8.5],
			"faces": {
				"north": {"uv": [4, 0, 8, 2], "texture": "#0"},
				"east": {"uv": [4, 6, 5, 8], "texture": "#0"},
				"south": {"uv": [4, 2, 8, 4], "texture": "#0"},
				"west": {"uv": [5, 6, 6, 8], "texture": "#0"},
				"up": {"uv": [8, 5, 4, 4], "texture": "#0"},
				"down": {"uv": [8, 5, 4, 6], "texture": "#0"}
			}
		},
		{
			"from": [6.5, 18, 7.5],
			"to": [9.5, 20, 8.5],
			"faces": {
				"north": {"uv": [4, 0, 8, 2], "texture": "#0"},
				"east": {"uv": [4, 6, 5, 8], "texture": "#0"},
				"south": {"uv": [4, 2, 8, 4], "texture": "#0"},
				"west": {"uv": [5, 6, 6, 8], "texture": "#0"},
				"up": {"uv": [8, 5, 4, 4], "texture": "#0"},
				"down": {"uv": [8, 5, 4, 6], "texture": "#0"}
			}
		},
		{
			"from": [7, 20, 7.5],
			"to": [9, 22, 8.5],
			"faces": {
				"north": {"uv": [4, 0, 8, 2], "texture": "#0"},
				"east": {"uv": [4, 6, 5, 8], "texture": "#0"},
				"south": {"uv": [4, 2, 8, 4], "texture": "#0"},
				"west": {"uv": [5, 6, 6, 8], "texture": "#0"},
				"up": {"uv": [8, 5, 4, 4], "texture": "#0"},
				"down": {"uv": [8, 5, 4, 6], "texture": "#0"}
			}
		},
		{
			"from": [7.5, 22, 7.5],
			"to": [8.5, 24, 8.5],
			"faces": {
				"north": {"uv": [4, 0, 8, 2], "texture": "#0"},
				"east": {"uv": [4, 6, 5, 8], "texture": "#0"},
				"south": {"uv": [4, 2, 8, 4], "texture": "#0"},
				"west": {"uv": [5, 6, 6, 8], "texture": "#0"},
				"up": {"uv": [8, 5, 4, 4], "texture": "#0"},
				"down": {"uv": [8, 5, 4, 6], "texture": "#0"}
			}
		},
		{
			"from": [7.5, 16, 6],
			"to": [8.5, 18, 10],
			"rotation": {"angle": 0, "axis": "y", "origin": [8, 17, 8]},
			"faces": {
				"north": {"uv": [4, 6, 5, 8], "texture": "#0"},
				"east": {"uv": [4, 2, 8, 4], "texture": "#0"},
				"south": {"uv": [5, 6, 6, 8], "texture": "#0"},
				"west": {"uv": [4, 0, 8, 2], "texture": "#0"},
				"up": {"uv": [8, 5, 4, 4], "rotation": 270, "texture": "#0"},
				"down": {"uv": [8, 5, 4, 6], "rotation": 90, "texture": "#0"}
			}
		},
		{
			"from": [7.5, 18, 6.5],
			"to": [8.5, 20, 9.5],
			"rotation": {"angle": 0, "axis": "y", "origin": [8, 17, 8]},
			"faces": {
				"north": {"uv": [4, 6, 5, 8], "texture": "#0"},
				"east": {"uv": [4, 2, 8, 4], "texture": "#0"},
				"south": {"uv": [5, 6, 6, 8], "texture": "#0"},
				"west": {"uv": [4, 0, 8, 2], "texture": "#0"},
				"up": {"uv": [8, 5, 4, 4], "rotation": 270, "texture": "#0"},
				"down": {"uv": [8, 5, 4, 6], "rotation": 90, "texture": "#0"}
			}
		},
		{
			"from": [7.5, 20, 13],
			"to": [8.5, 22, 15],
			"rotation": {"angle": 0, "axis": "y", "origin": [8, 17, 8]},
			"faces": {
				"north": {"uv": [4, 6, 5, 8], "texture": "#0"},
				"east": {"uv": [4, 2, 8, 4], "texture": "#0"},
				"south": {"uv": [5, 6, 6, 8], "texture": "#0"},
				"west": {"uv": [4, 0, 8, 2], "texture": "#0"},
				"up": {"uv": [8, 5, 4, 4], "rotation": 270, "texture": "#0"},
				"down": {"uv": [8, 5, 4, 6], "rotation": 90, "texture": "#0"}
			}
		},
		{
			"from": [7.5, 0, 13.5],
			"to": [8.5, 16, 14.5],
			"faces": {
				"north": {"uv": [0, 0, 1, 16], "texture": "#0"},
				"east": {"uv": [1, 0, 2, 16], "texture": "#0"},
				"south": {"uv": [2, 0, 3, 16], "texture": "#0"},
				"west": {"uv": [3, 0, 4, 16], "texture": "#0"},
				"up": {"uv": [7, 7, 6, 6], "texture": "#0"},
				"down": {"uv": [7, 7, 6, 8], "texture": "#0"}
			}
		},
		{
			"from": [6, 16, 13.5],
			"to": [10, 18, 14.5],
			"faces": {
				"north": {"uv": [4, 0, 8, 2], "texture": "#0"},
				"east": {"uv": [4, 6, 5, 8], "texture": "#0"},
				"south": {"uv": [4, 2, 8, 4], "texture": "#0"},
				"west": {"uv": [5, 6, 6, 8], "texture": "#0"},
				"up": {"uv": [8, 5, 4, 4], "texture": "#0"},
				"down": {"uv": [8, 5, 4, 6], "texture": "#0"}
			}
		},
		{
			"from": [6.5, 18, 13.5],
			"to": [9.5, 20, 14.5],
			"faces": {
				"north": {"uv": [4, 0, 8, 2], "texture": "#0"},
				"east": {"uv": [4, 6, 5, 8], "texture": "#0"},
				"south": {"uv": [4, 2, 8, 4], "texture": "#0"},
				"west": {"uv": [5, 6, 6, 8], "texture": "#0"},
				"up": {"uv": [8, 5, 4, 4], "texture": "#0"},
				"down": {"uv": [8, 5, 4, 6], "texture": "#0"}
			}
		},
		{
			"from": [7, 20, 13.5],
			"to": [9, 22, 14.5],
			"faces": {
				"north": {"uv": [4, 0, 8, 2], "texture": "#0"},
				"east": {"uv": [4, 6, 5, 8], "texture": "#0"},
				"south": {"uv": [4, 2, 8, 4], "texture": "#0"},
				"west": {"uv": [5, 6, 6, 8], "texture": "#0"},
				"up": {"uv": [8, 5, 4, 4], "texture": "#0"},
				"down": {"uv": [8, 5, 4, 6], "texture": "#0"}
			}
		},
		{
			"from": [7.5, 22, 13.5],
			"to": [8.5, 24, 14.5],
			"faces": {
				"north": {"uv": [4, 0, 8, 2], "texture": "#0"},
				"east": {"uv": [4, 6, 5, 8], "texture": "#0"},
				"south": {"uv": [4, 2, 8, 4], "texture": "#0"},
				"west": {"uv": [5, 6, 6, 8], "texture": "#0"},
				"up": {"uv": [8, 5, 4, 4], "texture": "#0"},
				"down": {"uv": [8, 5, 4, 6], "texture": "#0"}
			}
		},
		{
			"from": [7.5, 16, 12],
			"to": [8.5, 18, 16],
			"rotation": {"angle": 0, "axis": "y", "origin": [8, 17, 8]},
			"faces": {
				"north": {"uv": [4, 6, 5, 8], "texture": "#0"},
				"east": {"uv": [4, 2, 8, 4], "texture": "#0"},
				"south": {"uv": [5, 6, 6, 8], "texture": "#0"},
				"west": {"uv": [4, 0, 8, 2], "texture": "#0"},
				"up": {"uv": [8, 5, 4, 4], "rotation": 270, "texture": "#0"},
				"down": {"uv": [8, 5, 4, 6], "rotation": 90, "texture": "#0"}
			}
		},
		{
			"from": [7.5, 18, 12.5],
			"to": [8.5, 20, 15.5],
			"rotation": {"angle": 0, "axis": "y", "origin": [8, 17, 8]},
			"faces": {
				"north": {"uv": [4, 6, 5, 8], "texture": "#0"},
				"east": {"uv": [4, 2, 8, 4], "texture": "#0"},
				"south": {"uv": [5, 6, 6, 8], "texture": "#0"},
				"west": {"uv": [4, 0, 8, 2], "texture": "#0"},
				"up": {"uv": [8, 5, 4, 4], "rotation": 270, "texture": "#0"},
				"down": {"uv": [8, 5, 4, 6], "rotation": 90, "texture": "#0"}
			}
		},
		{
			"from": [7.5, 20, 1],
			"to": [8.5, 22, 3],
			"rotation": {"angle": 0, "axis": "y", "origin": [8, 17, 8]},
			"faces": {
				"north": {"uv": [4, 6, 5, 8], "texture": "#0"},
				"east": {"uv": [4, 2, 8, 4], "texture": "#0"},
				"south": {"uv": [5, 6, 6, 8], "texture": "#0"},
				"west": {"uv": [4, 0, 8, 2], "texture": "#0"},
				"up": {"uv": [8, 5, 4, 4], "rotation": 270, "texture": "#0"},
				"down": {"uv": [8, 5, 4, 6], "rotation": 90, "texture": "#0"}
			}
		},
		{
			"from": [7.5, 0, 1.5],
			"to": [8.5, 16, 2.5],
			"faces": {
				"north": {"uv": [0, 0, 1, 16], "texture": "#0"},
				"east": {"uv": [1, 0, 2, 16], "texture": "#0"},
				"south": {"uv": [2, 0, 3, 16], "texture": "#0"},
				"west": {"uv": [3, 0, 4, 16], "texture": "#0"},
				"up": {"uv": [7, 7, 6, 6], "texture": "#0"},
				"down": {"uv": [7, 7, 6, 8], "texture": "#0"}
			}
		},
		{
			"from": [7.5, -16, 7.5],
			"to": [8.5, 0, 8.5],
			"faces": {
				"north": {"uv": [0, 0, 1, 16], "texture": "#0"},
				"east": {"uv": [1, 0, 2, 16], "texture": "#0"},
				"south": {"uv": [2, 0, 3, 16], "texture": "#0"},
				"west": {"uv": [3, 0, 4, 16], "texture": "#0"},
				"up": {"uv": [7, 7, 6, 6], "texture": "#0"},
				"down": {"uv": [7, 7, 6, 8], "texture": "#0"}
			}
		},
		{
			"from": [7.5, -16, 13.5],
			"to": [8.5, 0, 14.5],
			"faces": {
				"north": {"uv": [0, 0, 1, 16], "texture": "#0"},
				"east": {"uv": [1, 0, 2, 16], "texture": "#0"},
				"south": {"uv": [2, 0, 3, 16], "texture": "#0"},
				"west": {"uv": [3, 0, 4, 16], "texture": "#0"},
				"up": {"uv": [7, 7, 6, 6], "texture": "#0"},
				"down": {"uv": [7, 7, 6, 8], "texture": "#0"}
			}
		},
		{
			"from": [12.5, -16, 10.5],
			"to": [13.5, 0, 11.5],
			"faces": {
				"north": {"uv": [0, 0, 1, 16], "texture": "#0"},
				"east": {"uv": [1, 0, 2, 16], "texture": "#0"},
				"south": {"uv": [2, 0, 3, 16], "texture": "#0"},
				"west": {"uv": [3, 0, 4, 16], "texture": "#0"},
				"up": {"uv": [7, 7, 6, 6], "texture": "#0"},
				"down": {"uv": [7, 7, 6, 8], "texture": "#0"}
			}
		},
		{
			"from": [12.5, -16, 4.5],
			"to": [13.5, 0, 5.5],
			"faces": {
				"north": {"uv": [0, 0, 1, 16], "texture": "#0"},
				"east": {"uv": [1, 0, 2, 16], "texture": "#0"},
				"south": {"uv": [2, 0, 3, 16], "texture": "#0"},
				"west": {"uv": [3, 0, 4, 16], "texture": "#0"},
				"up": {"uv": [7, 7, 6, 6], "texture": "#0"},
				"down": {"uv": [7, 7, 6, 8], "texture": "#0"}
			}
		},
		{
			"from": [2.5, -16, 4.5],
			"to": [3.5, 0, 5.5],
			"faces": {
				"north": {"uv": [0, 0, 1, 16], "texture": "#0"},
				"east": {"uv": [1, 0, 2, 16], "texture": "#0"},
				"south": {"uv": [2, 0, 3, 16], "texture": "#0"},
				"west": {"uv": [3, 0, 4, 16], "texture": "#0"},
				"up": {"uv": [7, 7, 6, 6], "texture": "#0"},
				"down": {"uv": [7, 7, 6, 8], "texture": "#0"}
			}
		},
		{
			"from": [2.5, -16, 10.5],
			"to": [3.5, 0, 11.5],
			"faces": {
				"north": {"uv": [0, 0, 1, 16], "texture": "#0"},
				"east": {"uv": [1, 0, 2, 16], "texture": "#0"},
				"south": {"uv": [2, 0, 3, 16], "texture": "#0"},
				"west": {"uv": [3, 0, 4, 16], "texture": "#0"},
				"up": {"uv": [7, 7, 6, 6], "texture": "#0"},
				"down": {"uv": [7, 7, 6, 8], "texture": "#0"}
			}
		},
		{
			"from": [7.5, -16, 1.5],
			"to": [8.5, 0, 2.5],
			"faces": {
				"north": {"uv": [0, 0, 1, 16], "texture": "#0"},
				"east": {"uv": [1, 0, 2, 16], "texture": "#0"},
				"south": {"uv": [2, 0, 3, 16], "texture": "#0"},
				"west": {"uv": [3, 0, 4, 16], "texture": "#0"},
				"up": {"uv": [7, 7, 6, 6], "texture": "#0"},
				"down": {"uv": [7, 7, 6, 8], "texture": "#0"}
			}
		},
		{
			"from": [6, 16, 1.5],
			"to": [10, 18, 2.5],
			"faces": {
				"north": {"uv": [4, 0, 8, 2], "texture": "#0"},
				"east": {"uv": [4, 6, 5, 8], "texture": "#0"},
				"south": {"uv": [4, 2, 8, 4], "texture": "#0"},
				"west": {"uv": [5, 6, 6, 8], "texture": "#0"},
				"up": {"uv": [8, 5, 4, 4], "texture": "#0"},
				"down": {"uv": [8, 5, 4, 6], "texture": "#0"}
			}
		},
		{
			"from": [6.5, 18, 1.5],
			"to": [9.5, 20, 2.5],
			"faces": {
				"north": {"uv": [4, 0, 8, 2], "texture": "#0"},
				"east": {"uv": [4, 6, 5, 8], "texture": "#0"},
				"south": {"uv": [4, 2, 8, 4], "texture": "#0"},
				"west": {"uv": [5, 6, 6, 8], "texture": "#0"},
				"up": {"uv": [8, 5, 4, 4], "texture": "#0"},
				"down": {"uv": [8, 5, 4, 6], "texture": "#0"}
			}
		},
		{
			"from": [7, 20, 1.5],
			"to": [9, 22, 2.5],
			"faces": {
				"north": {"uv": [4, 0, 8, 2], "texture": "#0"},
				"east": {"uv": [4, 6, 5, 8], "texture": "#0"},
				"south": {"uv": [4, 2, 8, 4], "texture": "#0"},
				"west": {"uv": [5, 6, 6, 8], "texture": "#0"},
				"up": {"uv": [8, 5, 4, 4], "texture": "#0"},
				"down": {"uv": [8, 5, 4, 6], "texture": "#0"}
			}
		},
		{
			"from": [7.5, 22, 1.5],
			"to": [8.5, 24, 2.5],
			"faces": {
				"north": {"uv": [4, 0, 8, 2], "texture": "#0"},
				"east": {"uv": [4, 6, 5, 8], "texture": "#0"},
				"south": {"uv": [4, 2, 8, 4], "texture": "#0"},
				"west": {"uv": [5, 6, 6, 8], "texture": "#0"},
				"up": {"uv": [8, 5, 4, 4], "texture": "#0"},
				"down": {"uv": [8, 5, 4, 6], "texture": "#0"}
			}
		},
		{
			"from": [7.5, 16, 0],
			"to": [8.5, 18, 4],
			"rotation": {"angle": 0, "axis": "y", "origin": [8, 17, 8]},
			"faces": {
				"north": {"uv": [4, 6, 5, 8], "texture": "#0"},
				"east": {"uv": [4, 2, 8, 4], "texture": "#0"},
				"south": {"uv": [5, 6, 6, 8], "texture": "#0"},
				"west": {"uv": [4, 0, 8, 2], "texture": "#0"},
				"up": {"uv": [8, 5, 4, 4], "rotation": 270, "texture": "#0"},
				"down": {"uv": [8, 5, 4, 6], "rotation": 90, "texture": "#0"}
			}
		},
		{
			"from": [7.5, 18, 0.5],
			"to": [8.5, 20, 3.5],
			"rotation": {"angle": 0, "axis": "y", "origin": [8, 17, 8]},
			"faces": {
				"north": {"uv": [4, 6, 5, 8], "texture": "#0"},
				"east": {"uv": [4, 2, 8, 4], "texture": "#0"},
				"south": {"uv": [5, 6, 6, 8], "texture": "#0"},
				"west": {"uv": [4, 0, 8, 2], "texture": "#0"},
				"up": {"uv": [8, 5, 4, 4], "rotation": 270, "texture": "#0"},
				"down": {"uv": [8, 5, 4, 6], "rotation": 90, "texture": "#0"}
			}
		},
		{
			"from": [2.5, 20, 10],
			"to": [3.5, 22, 12],
			"rotation": {"angle": 0, "axis": "y", "origin": [8, 17, 8]},
			"faces": {
				"north": {"uv": [4, 6, 5, 8], "texture": "#0"},
				"east": {"uv": [4, 2, 8, 4], "texture": "#0"},
				"south": {"uv": [5, 6, 6, 8], "texture": "#0"},
				"west": {"uv": [4, 0, 8, 2], "texture": "#0"},
				"up": {"uv": [8, 5, 4, 4], "rotation": 270, "texture": "#0"},
				"down": {"uv": [8, 5, 4, 6], "rotation": 90, "texture": "#0"}
			}
		},
		{
			"from": [2.5, 0, 10.5],
			"to": [3.5, 16, 11.5],
			"faces": {
				"north": {"uv": [0, 0, 1, 16], "texture": "#0"},
				"east": {"uv": [1, 0, 2, 16], "texture": "#0"},
				"south": {"uv": [2, 0, 3, 16], "texture": "#0"},
				"west": {"uv": [3, 0, 4, 16], "texture": "#0"},
				"up": {"uv": [7, 7, 6, 6], "texture": "#0"},
				"down": {"uv": [7, 7, 6, 8], "texture": "#0"}
			}
		},
		{
			"from": [1, 16, 10.5],
			"to": [5, 18, 11.5],
			"faces": {
				"north": {"uv": [4, 0, 8, 2], "texture": "#0"},
				"east": {"uv": [4, 6, 5, 8], "texture": "#0"},
				"south": {"uv": [4, 2, 8, 4], "texture": "#0"},
				"west": {"uv": [5, 6, 6, 8], "texture": "#0"},
				"up": {"uv": [8, 5, 4, 4], "texture": "#0"},
				"down": {"uv": [8, 5, 4, 6], "texture": "#0"}
			}
		},
		{
			"from": [1.5, 18, 10.5],
			"to": [4.5, 20, 11.5],
			"faces": {
				"north": {"uv": [4, 0, 8, 2], "texture": "#0"},
				"east": {"uv": [4, 6, 5, 8], "texture": "#0"},
				"south": {"uv": [4, 2, 8, 4], "texture": "#0"},
				"west": {"uv": [5, 6, 6, 8], "texture": "#0"},
				"up": {"uv": [8, 5, 4, 4], "texture": "#0"},
				"down": {"uv": [8, 5, 4, 6], "texture": "#0"}
			}
		},
		{
			"from": [2, 20, 10.5],
			"to": [4, 22, 11.5],
			"faces": {
				"north": {"uv": [4, 0, 8, 2], "texture": "#0"},
				"east": {"uv": [4, 6, 5, 8], "texture": "#0"},
				"south": {"uv": [4, 2, 8, 4], "texture": "#0"},
				"west": {"uv": [5, 6, 6, 8], "texture": "#0"},
				"up": {"uv": [8, 5, 4, 4], "texture": "#0"},
				"down": {"uv": [8, 5, 4, 6], "texture": "#0"}
			}
		},
		{
			"from": [2.5, 22, 10.5],
			"to": [3.5, 24, 11.5],
			"faces": {
				"north": {"uv": [4, 0, 8, 2], "texture": "#0"},
				"east": {"uv": [4, 6, 5, 8], "texture": "#0"},
				"south": {"uv": [4, 2, 8, 4], "texture": "#0"},
				"west": {"uv": [5, 6, 6, 8], "texture": "#0"},
				"up": {"uv": [8, 5, 4, 4], "texture": "#0"},
				"down": {"uv": [8, 5, 4, 6], "texture": "#0"}
			}
		},
		{
			"from": [2.5, 16, 9],
			"to": [3.5, 18, 13],
			"rotation": {"angle": 0, "axis": "y", "origin": [8, 17, 8]},
			"faces": {
				"north": {"uv": [4, 6, 5, 8], "texture": "#0"},
				"east": {"uv": [4, 2, 8, 4], "texture": "#0"},
				"south": {"uv": [5, 6, 6, 8], "texture": "#0"},
				"west": {"uv": [4, 0, 8, 2], "texture": "#0"},
				"up": {"uv": [8, 5, 4, 4], "rotation": 270, "texture": "#0"},
				"down": {"uv": [8, 5, 4, 6], "rotation": 90, "texture": "#0"}
			}
		},
		{
			"from": [2.5, 18, 9.5],
			"to": [3.5, 20, 12.5],
			"rotation": {"angle": 0, "axis": "y", "origin": [8, 17, 8]},
			"faces": {
				"north": {"uv": [4, 6, 5, 8], "texture": "#0"},
				"east": {"uv": [4, 2, 8, 4], "texture": "#0"},
				"south": {"uv": [5, 6, 6, 8], "texture": "#0"},
				"west": {"uv": [4, 0, 8, 2], "texture": "#0"},
				"up": {"uv": [8, 5, 4, 4], "rotation": 270, "texture": "#0"},
				"down": {"uv": [8, 5, 4, 6], "rotation": 90, "texture": "#0"}
			}
		},
		{
			"from": [2.5, 20, 4],
			"to": [3.5, 22, 6],
			"rotation": {"angle": 0, "axis": "y", "origin": [8, 17, 8]},
			"faces": {
				"north": {"uv": [4, 6, 5, 8], "texture": "#0"},
				"east": {"uv": [4, 2, 8, 4], "texture": "#0"},
				"south": {"uv": [5, 6, 6, 8], "texture": "#0"},
				"west": {"uv": [4, 0, 8, 2], "texture": "#0"},
				"up": {"uv": [8, 5, 4, 4], "rotation": 270, "texture": "#0"},
				"down": {"uv": [8, 5, 4, 6], "rotation": 90, "texture": "#0"}
			}
		},
		{
			"from": [2.5, 0, 4.5],
			"to": [3.5, 16, 5.5],
			"faces": {
				"north": {"uv": [0, 0, 1, 16], "texture": "#0"},
				"east": {"uv": [1, 0, 2, 16], "texture": "#0"},
				"south": {"uv": [2, 0, 3, 16], "texture": "#0"},
				"west": {"uv": [3, 0, 4, 16], "texture": "#0"},
				"up": {"uv": [7, 7, 6, 6], "texture": "#0"},
				"down": {"uv": [7, 7, 6, 8], "texture": "#0"}
			}
		},
		{
			"from": [1, 16, 4.5],
			"to": [5, 18, 5.5],
			"faces": {
				"north": {"uv": [4, 0, 8, 2], "texture": "#0"},
				"east": {"uv": [4, 6, 5, 8], "texture": "#0"},
				"south": {"uv": [4, 2, 8, 4], "texture": "#0"},
				"west": {"uv": [5, 6, 6, 8], "texture": "#0"},
				"up": {"uv": [8, 5, 4, 4], "texture": "#0"},
				"down": {"uv": [8, 5, 4, 6], "texture": "#0"}
			}
		},
		{
			"from": [1.5, 18, 4.5],
			"to": [4.5, 20, 5.5],
			"faces": {
				"north": {"uv": [4, 0, 8, 2], "texture": "#0"},
				"east": {"uv": [4, 6, 5, 8], "texture": "#0"},
				"south": {"uv": [4, 2, 8, 4], "texture": "#0"},
				"west": {"uv": [5, 6, 6, 8], "texture": "#0"},
				"up": {"uv": [8, 5, 4, 4], "texture": "#0"},
				"down": {"uv": [8, 5, 4, 6], "texture": "#0"}
			}
		},
		{
			"from": [2, 20, 4.5],
			"to": [4, 22, 5.5],
			"faces": {
				"north": {"uv": [4, 0, 8, 2], "texture": "#0"},
				"east": {"uv": [4, 6, 5, 8], "texture": "#0"},
				"south": {"uv": [4, 2, 8, 4], "texture": "#0"},
				"west": {"uv": [5, 6, 6, 8], "texture": "#0"},
				"up": {"uv": [8, 5, 4, 4], "texture": "#0"},
				"down": {"uv": [8, 5, 4, 6], "texture": "#0"}
			}
		},
		{
			"from": [2.5, 22, 4.5],
			"to": [3.5, 24, 5.5],
			"faces": {
				"north": {"uv": [4, 0, 8, 2], "texture": "#0"},
				"east": {"uv": [4, 6, 5, 8], "texture": "#0"},
				"south": {"uv": [4, 2, 8, 4], "texture": "#0"},
				"west": {"uv": [5, 6, 6, 8], "texture": "#0"},
				"up": {"uv": [8, 5, 4, 4], "texture": "#0"},
				"down": {"uv": [8, 5, 4, 6], "texture": "#0"}
			}
		},
		{
			"from": [2.5, 16, 3],
			"to": [3.5, 18, 7],
			"rotation": {"angle": 0, "axis": "y", "origin": [8, 17, 8]},
			"faces": {
				"north": {"uv": [4, 6, 5, 8], "texture": "#0"},
				"east": {"uv": [4, 2, 8, 4], "texture": "#0"},
				"south": {"uv": [5, 6, 6, 8], "texture": "#0"},
				"west": {"uv": [4, 0, 8, 2], "texture": "#0"},
				"up": {"uv": [8, 5, 4, 4], "rotation": 270, "texture": "#0"},
				"down": {"uv": [8, 5, 4, 6], "rotation": 90, "texture": "#0"}
			}
		},
		{
			"from": [2.5, 18, 3.5],
			"to": [3.5, 20, 6.5],
			"rotation": {"angle": 0, "axis": "y", "origin": [8, 17, 8]},
			"faces": {
				"north": {"uv": [4, 6, 5, 8], "texture": "#0"},
				"east": {"uv": [4, 2, 8, 4], "texture": "#0"},
				"south": {"uv": [5, 6, 6, 8], "texture": "#0"},
				"west": {"uv": [4, 0, 8, 2], "texture": "#0"},
				"up": {"uv": [8, 5, 4, 4], "rotation": 270, "texture": "#0"},
				"down": {"uv": [8, 5, 4, 6], "rotation": 90, "texture": "#0"}
			}
		},
		{
			"from": [12.5, 20, 4],
			"to": [13.5, 22, 6],
			"rotation": {"angle": 0, "axis": "y", "origin": [8, 17, 8]},
			"faces": {
				"north": {"uv": [4, 6, 5, 8], "texture": "#0"},
				"east": {"uv": [4, 2, 8, 4], "texture": "#0"},
				"south": {"uv": [5, 6, 6, 8], "texture": "#0"},
				"west": {"uv": [4, 0, 8, 2], "texture": "#0"},
				"up": {"uv": [8, 5, 4, 4], "rotation": 270, "texture": "#0"},
				"down": {"uv": [8, 5, 4, 6], "rotation": 90, "texture": "#0"}
			}
		},
		{
			"from": [12.5, 0, 4.5],
			"to": [13.5, 16, 5.5],
			"faces": {
				"north": {"uv": [0, 0, 1, 16], "texture": "#0"},
				"east": {"uv": [1, 0, 2, 16], "texture": "#0"},
				"south": {"uv": [2, 0, 3, 16], "texture": "#0"},
				"west": {"uv": [3, 0, 4, 16], "texture": "#0"},
				"up": {"uv": [7, 7, 6, 6], "texture": "#0"},
				"down": {"uv": [7, 7, 6, 8], "texture": "#0"}
			}
		},
		{
			"from": [11, 16, 4.5],
			"to": [15, 18, 5.5],
			"faces": {
				"north": {"uv": [4, 0, 8, 2], "texture": "#0"},
				"east": {"uv": [4, 6, 5, 8], "texture": "#0"},
				"south": {"uv": [4, 2, 8, 4], "texture": "#0"},
				"west": {"uv": [5, 6, 6, 8], "texture": "#0"},
				"up": {"uv": [8, 5, 4, 4], "texture": "#0"},
				"down": {"uv": [8, 5, 4, 6], "texture": "#0"}
			}
		},
		{
			"from": [11.5, 18, 4.5],
			"to": [14.5, 20, 5.5],
			"faces": {
				"north": {"uv": [4, 0, 8, 2], "texture": "#0"},
				"east": {"uv": [4, 6, 5, 8], "texture": "#0"},
				"south": {"uv": [4, 2, 8, 4], "texture": "#0"},
				"west": {"uv": [5, 6, 6, 8], "texture": "#0"},
				"up": {"uv": [8, 5, 4, 4], "texture": "#0"},
				"down": {"uv": [8, 5, 4, 6], "texture": "#0"}
			}
		},
		{
			"from": [12, 20, 4.5],
			"to": [14, 22, 5.5],
			"faces": {
				"north": {"uv": [4, 0, 8, 2], "texture": "#0"},
				"east": {"uv": [4, 6, 5, 8], "texture": "#0"},
				"south": {"uv": [4, 2, 8, 4], "texture": "#0"},
				"west": {"uv": [5, 6, 6, 8], "texture": "#0"},
				"up": {"uv": [8, 5, 4, 4], "texture": "#0"},
				"down": {"uv": [8, 5, 4, 6], "texture": "#0"}
			}
		},
		{
			"from": [12.5, 22, 4.5],
			"to": [13.5, 24, 5.5],
			"faces": {
				"north": {"uv": [4, 0, 8, 2], "texture": "#0"},
				"east": {"uv": [4, 6, 5, 8], "texture": "#0"},
				"south": {"uv": [4, 2, 8, 4], "texture": "#0"},
				"west": {"uv": [5, 6, 6, 8], "texture": "#0"},
				"up": {"uv": [8, 5, 4, 4], "texture": "#0"},
				"down": {"uv": [8, 5, 4, 6], "texture": "#0"}
			}
		},
		{
			"from": [12.5, 16, 3],
			"to": [13.5, 18, 7],
			"rotation": {"angle": 0, "axis": "y", "origin": [8, 17, 8]},
			"faces": {
				"north": {"uv": [4, 6, 5, 8], "texture": "#0"},
				"east": {"uv": [4, 2, 8, 4], "texture": "#0"},
				"south": {"uv": [5, 6, 6, 8], "texture": "#0"},
				"west": {"uv": [4, 0, 8, 2], "texture": "#0"},
				"up": {"uv": [8, 5, 4, 4], "rotation": 270, "texture": "#0"},
				"down": {"uv": [8, 5, 4, 6], "rotation": 90, "texture": "#0"}
			}
		},
		{
			"from": [12.5, 18, 3.5],
			"to": [13.5, 20, 6.5],
			"rotation": {"angle": 0, "axis": "y", "origin": [8, 17, 8]},
			"faces": {
				"north": {"uv": [4, 6, 5, 8], "texture": "#0"},
				"east": {"uv": [4, 2, 8, 4], "texture": "#0"},
				"south": {"uv": [5, 6, 6, 8], "texture": "#0"},
				"west": {"uv": [4, 0, 8, 2], "texture": "#0"},
				"up": {"uv": [8, 5, 4, 4], "rotation": 270, "texture": "#0"},
				"down": {"uv": [8, 5, 4, 6], "rotation": 90, "texture": "#0"}
			}
		},
		{
			"from": [12.5, 20, 10],
			"to": [13.5, 22, 12],
			"rotation": {"angle": 0, "axis": "y", "origin": [8, 17, 8]},
			"faces": {
				"north": {"uv": [4, 6, 5, 8], "texture": "#0"},
				"east": {"uv": [4, 2, 8, 4], "texture": "#0"},
				"south": {"uv": [5, 6, 6, 8], "texture": "#0"},
				"west": {"uv": [4, 0, 8, 2], "texture": "#0"},
				"up": {"uv": [8, 5, 4, 4], "rotation": 270, "texture": "#0"},
				"down": {"uv": [8, 5, 4, 6], "rotation": 90, "texture": "#0"}
			}
		},
		{
			"from": [12.5, 0, 10.5],
			"to": [13.5, 16, 11.5],
			"faces": {
				"north": {"uv": [0, 0, 1, 16], "texture": "#0"},
				"east": {"uv": [1, 0, 2, 16], "texture": "#0"},
				"south": {"uv": [2, 0, 3, 16], "texture": "#0"},
				"west": {"uv": [3, 0, 4, 16], "texture": "#0"},
				"up": {"uv": [7, 7, 6, 6], "texture": "#0"},
				"down": {"uv": [7, 7, 6, 8], "texture": "#0"}
			}
		},
		{
			"from": [11, 16, 10.5],
			"to": [15, 18, 11.5],
			"faces": {
				"north": {"uv": [4, 0, 8, 2], "texture": "#0"},
				"east": {"uv": [4, 6, 5, 8], "texture": "#0"},
				"south": {"uv": [4, 2, 8, 4], "texture": "#0"},
				"west": {"uv": [5, 6, 6, 8], "texture": "#0"},
				"up": {"uv": [8, 5, 4, 4], "texture": "#0"},
				"down": {"uv": [8, 5, 4, 6], "texture": "#0"}
			}
		},
		{
			"from": [11.5, 18, 10.5],
			"to": [14.5, 20, 11.5],
			"faces": {
				"north": {"uv": [4, 0, 8, 2], "texture": "#0"},
				"east": {"uv": [4, 6, 5, 8], "texture": "#0"},
				"south": {"uv": [4, 2, 8, 4], "texture": "#0"},
				"west": {"uv": [5, 6, 6, 8], "texture": "#0"},
				"up": {"uv": [8, 5, 4, 4], "texture": "#0"},
				"down": {"uv": [8, 5, 4, 6], "texture": "#0"}
			}
		},
		{
			"from": [12, 20, 10.5],
			"to": [14, 22, 11.5],
			"faces": {
				"north": {"uv": [4, 0, 8, 2], "texture": "#0"},
				"east": {"uv": [4, 6, 5, 8], "texture": "#0"},
				"south": {"uv": [4, 2, 8, 4], "texture": "#0"},
				"west": {"uv": [5, 6, 6, 8], "texture": "#0"},
				"up": {"uv": [8, 5, 4, 4], "texture": "#0"},
				"down": {"uv": [8, 5, 4, 6], "texture": "#0"}
			}
		},
		{
			"from": [12.5, 22, 10.5],
			"to": [13.5, 24, 11.5],
			"faces": {
				"north": {"uv": [4, 0, 8, 2], "texture": "#0"},
				"east": {"uv": [4, 6, 5, 8], "texture": "#0"},
				"south": {"uv": [4, 2, 8, 4], "texture": "#0"},
				"west": {"uv": [5, 6, 6, 8], "texture": "#0"},
				"up": {"uv": [8, 5, 4, 4], "texture": "#0"},
				"down": {"uv": [8, 5, 4, 6], "texture": "#0"}
			}
		},
		{
			"from": [12.5, 16, 9],
			"to": [13.5, 18, 13],
			"rotation": {"angle": 0, "axis": "y", "origin": [8, 17, 8]},
			"faces": {
				"north": {"uv": [4, 6, 5, 8], "texture": "#0"},
				"east": {"uv": [4, 2, 8, 4], "texture": "#0"},
				"south": {"uv": [5, 6, 6, 8], "texture": "#0"},
				"west": {"uv": [4, 0, 8, 2], "texture": "#0"},
				"up": {"uv": [8, 5, 4, 4], "rotation": 270, "texture": "#0"},
				"down": {"uv": [8, 5, 4, 6], "rotation": 90, "texture": "#0"}
			}
		},
		{
			"from": [12.5, 18, 9.5],
			"to": [13.5, 20, 12.5],
			"rotation": {"angle": 0, "axis": "y", "origin": [8, 17, 8]},
			"faces": {
				"north": {"uv": [4, 6, 5, 8], "texture": "#0"},
				"east": {"uv": [4, 2, 8, 4], "texture": "#0"},
				"south": {"uv": [5, 6, 6, 8], "texture": "#0"},
				"west": {"uv": [4, 0, 8, 2], "texture": "#0"},
				"up": {"uv": [8, 5, 4, 4], "rotation": 270, "texture": "#0"},
				"down": {"uv": [8, 5, 4, 6], "rotation": 90, "texture": "#0"}
			}
		}
	],
	"display": {
		"firstperson_righthand": {
			"rotation": [-80, 0, 0],
			"translation": [3, 0, 0]
		},
		"firstperson_lefthand": {
			"rotation": [-80, 0, 0],
			"translation": [3, 0, 0]
		},
		"ground": {
			"translation": [0, 7.25, 0]
		},
		"gui": {
			"rotation": [24, 27.75, 0],
			"translation": [0, -3, 0]
		},
		"head": {
			"translation": [0, -23.25, 0],
			"scale": [2.5, 2.5, 2.5]
		},
		"fixed": {
			"rotation": [-90, -90, 0],
			"translation": [0, 0, -9.75]
		}
	},
	"groups": [
		{
			"name": "group",
			"origin": [8, 17, 8],
			"color": 0,
			"children": [0, 1, 2, 3, 4, 5, 6, 7, 8, 9, 10, 11, 12, 13, 14, 15, 16, 17, 18, 19, 20, 21, 22, 23, 24, 25, 26, 27, 28, 29, 30]
		},
		{
			"name": "group",
			"origin": [8, 17, 8],
			"color": 0,
			"children": [31, 32, 33, 34, 35, 36, 37, 38, 39, 40, 41, 42, 43, 44, 45, 46]
		},
		{
			"name": "group",
			"origin": [8, 17, 8],
			"color": 0,
			"children": [47, 48, 49, 50, 51, 52, 53, 54, 55, 56, 57, 58, 59, 60, 61, 62]
		}
	]
}